year,state,girls_wrestling_participants
2009-10,Alabama,0
2009-10,Alaska,138
2009-10,Arizona,189
2009-10,Arkansas,0
2009-10,California,1493
2009-10,Colorado,66
2009-10,Connecticut,74
2009-10,Delaware,10
2009-10,District of Columbia,0
2009-10,Florida,102
2009-10,Georgia,120
2009-10,Hawaii,410
2009-10,Idaho,14
2009-10,Illinois,0
2009-10,Indiana,0
2009-10,Iowa,47
2009-10,Kansas,54
2009-10,Kentucky,160
2009-10,Louisiana,0
2009-10,Maine,96
2009-10,Maryland,73
2009-10,Massachusetts,84
2009-10,Michigan,0
2009-10,Minnesota,0
2009-10,Mississippi,0
2009-10,Missouri,0
2009-10,Montana,9
2009-10,Nebraska,50
2009-10,Nevada,0
2009-10,New Hampshire,3
2009-10,New Jersey,0
2009-10,New Mexico,0
2009-10,New York,0
2009-10,North Carolina,0
2009-10,North Dakota,10
2009-10,Ohio,114
2009-10,Oklahoma,8
2009-10,Oregon,138
2009-10,Pennsylvania,0
2009-10,Rhode Island,10
2009-10,South Carolina,0
2009-10,South Dakota,3
2009-10,Tennessee,0
2009-10,Texas,1706
2009-10,Utah,39
2009-10,Vermont,19
2009-10,Virginia,112
2009-10,Washington,773
2009-10,West Virginia,0
2009-10,Wisconsin,0
2009-10,Wyoming,10
2010-11,Alabama,0
2010-11,Alaska,158
2010-11,Arizona,249
2010-11,Arkansas,0
2010-11,California,1910
2010-11,Colorado,116
2010-11,Connecticut,63
2010-11,Delaware,10
2010-11,District of Columbia,0
2010-11,Florida,97
2010-11,Georgia,120
2010-11,Hawaii,456
2010-11,Idaho,18
2010-11,Illinois,0
2010-11,Indiana,0
2010-11,Iowa,277
2010-11,Kansas,56
2010-11,Kentucky,160
2010-11,Louisiana,0
2010-11,Maine,89
2010-11,Maryland,85
2010-11,Massachusetts,107
2010-11,Michigan,154
2010-11,Minnesota,0
2010-11,Mississippi,0
2010-11,Missouri,0
2010-11,Montana,10
2010-11,Nebraska,64
2010-11,Nevada,0
2010-11,New Hampshire,36
2010-11,New Jersey,38
2010-11,New Mexico,0
2010-11,New York,24
2010-11,North Carolina,0
2010-11,North Dakota,6
2010-11,Ohio,150
2010-11,Oklahoma,0
2010-11,Oregon,126
2010-11,Pennsylvania,0
2010-11,Rhode Island,20
2010-11,South Carolina,0
2010-11,South Dakota,3
2010-11,Tennessee,0
2010-11,Texas,1706
2010-11,Utah,0
2010-11,Vermont,16
2010-11,Virginia,89
2010-11,Washington,922
2010-11,West Virginia,0
2010-11,Wisconsin,0
2010-11,Wyoming,16
2011-12,Alabama,0
2011-12,Alaska,169
2011-12,Arizona,221
2011-12,Arkansas,0
2011-12,California,2008
2011-12,Colorado,152
2011-12,Connecticut,67
2011-12,Delaware,1
2011-12,District of Columbia,0
2011-12,Florida,198
2011-12,Georgia,130
2011-12,Hawaii,456
2011-12,Idaho,18
2011-12,Illinois,0
2011-12,Indiana,0
2011-12,Iowa,72
2011-12,Kansas,95
2011-12,Kentucky,23
2011-12,Louisiana,0
2011-12,Maine,62
2011-12,Maryland,178
2011-12,Massachusetts,126
2011-12,Michigan,143
2011-12,Minnesota,0
2011-12,Mississippi,0
2011-12,Missouri,0
2011-12,Montana,13
2011-12,Nebraska,59
2011-12,Nevada,0
2011-12,New Hampshire,14
2011-12,New Jersey,55
2011-12,New Mexico,74
2011-12,New York,25
2011-12,North Carolina,0
2011-12,North Dakota,7
2011-12,Ohio,123
2011-12,Oklahoma,0
2011-12,Oregon,130
2011-12,Pennsylvania,0
2011-12,Rhode Island,13
2011-12,South Carolina,0
2011-12,South Dakota,10
2011-12,Tennessee,0
2011-12,Texas,2416
2011-12,Utah,0
2011-12,Vermont,6
2011-12,Virginia,77
2011-12,Washington,1071
2011-12,West Virginia,1
2011-12,Wisconsin,0
2011-12,Wyoming,12
2012-13,Alabama,0
2012-13,Alaska,178
2012-13,Arizona,118
2012-13,Arkansas,0
2012-13,California,2099
2012-13,Colorado,62
2012-13,Connecticut,82
2012-13,Delaware,13
2012-13,District of Columbia,0
2012-13,Florida,199
2012-13,Georgia,175
2012-13,Hawaii,321
2012-13,Idaho,17
2012-13,Illinois,0
2012-13,Indiana,0
2012-13,Iowa,66
2012-13,Kansas,108
2012-13,Kentucky,28
2012-13,Louisiana,0
2012-13,Maine,76
2012-13,Maryland,99
2012-13,Massachusetts,70
2012-13,Michigan,350
2012-13,Minnesota,0
2012-13,Mississippi,0
2012-13,Missouri,0
2012-13,Montana,17
2012-13,Nebraska,128
2012-13,Nevada,0
2012-13,New Hampshire,16
2012-13,New Jersey,57
2012-13,New Mexico,96
2012-13,New York,25
2012-13,North Carolina,0
2012-13,North Dakota,9
2012-13,Ohio,131
2012-13,Oklahoma,112
2012-13,Oregon,131
2012-13,Pennsylvania,0
2012-13,Rhode Island,20
2012-13,South Carolina,0
2012-13,South Dakota,26
2012-13,Tennessee,0
2012-13,Texas,2776
2012-13,Utah,0
2012-13,Vermont,5
2012-13,Virginia,83
2012-13,Washington,1016
2012-13,West Virginia,0
2012-13,Wisconsin,0
2012-13,Wyoming,18
2013-14,Alabama,0
2013-14,Alaska,165
2013-14,Arizona,185
2013-14,Arkansas,64
2013-14,California,2286
2013-14,Colorado,83
2013-14,Connecticut,82
2013-14,Delaware,13
2013-14,District of Columbia,0
2013-14,Florida,192
2013-14,Georgia,158
2013-14,Hawaii,408
2013-14,Idaho,14
2013-14,Illinois,0
2013-14,Indiana,0
2013-14,Iowa,52
2013-14,Kansas,90
2013-14,Kentucky,33
2013-14,Louisiana,0
2013-14,Maine,59
2013-14,Maryland,101
2013-14,Massachusetts,75
2013-14,Michigan,266
2013-14,Minnesota,0
2013-14,Mississippi,0
2013-14,Missouri,0
2013-14,Montana,12
2013-14,Nebraska,89
2013-14,Nevada,0
2013-14,New Hampshire,17
2013-14,New Jersey,83
2013-14,New Mexico,64
2013-14,New York,25
2013-14,North Carolina,0
2013-14,North Dakota,9
2013-14,Ohio,125
2013-14,Oklahoma,4
2013-14,Oregon,136
2013-14,Pennsylvania,0
2013-14,Rhode Island,8
2013-14,South Carolina,0
2013-14,South Dakota,15
2013-14,Tennessee,0
2013-14,Texas,3745
2013-14,Utah,8
2013-14,Vermont,8
2013-14,Virginia,87
2013-14,Washington,1123
2013-14,West Virginia,8
2013-14,Wisconsin,0
2013-14,Wyoming,17
2014-15,Alabama,0
2014-15,Alaska,194
2014-15,Arizona,193
2014-15,Arkansas,28
2014-15,California,2747
2014-15,Colorado,85
2014-15,Connecticut,87
2014-15,Delaware,12
2014-15,District of Columbia,0
2014-15,Florida,239
2014-15,Georgia,178
2014-15,Hawaii,498
2014-15,Idaho,26
2014-15,Illinois,0
2014-15,Indiana,0
2014-15,Iowa,55
2014-15,Kansas,77
2014-15,Kentucky,29
2014-15,Louisiana,0
2014-15,Maine,74
2014-15,Maryland,87
2014-15,Massachusetts,86
2014-15,Michigan,593
2014-15,Minnesota,0
2014-15,Mississippi,0
2014-15,Missouri,0
2014-15,Montana,17
2014-15,Nebraska,130
2014-15,Nevada,0
2014-15,New Hampshire,13
2014-15,New Jersey,95
2014-15,New Mexico,75
2014-15,New York,25
2014-15,North Carolina,0
2014-15,North Dakota,6
2014-15,Ohio,195
2014-15,Oklahoma,4
2014-15,Oregon,128
2014-15,Pennsylvania,0
2014-15,Rhode Island,18
2014-15,South Carolina,0
2014-15,South Dakota,31
2014-15,Tennessee,170
2014-15,Texas,3977
2014-15,Utah,14
2014-15,Vermont,1
2014-15,Virginia,79
2014-15,Washington,1210
2014-15,West Virginia,8
2014-15,Wisconsin,0
2014-15,Wyoming,7
2015-16,Alabama,0
2015-16,Alaska,200
2015-16,Arizona,255
2015-16,Arkansas,27
2015-16,California,4104
2015-16,Colorado,180
2015-16,Connecticut,75
2015-16,Delaware,13
2015-16,District of Columbia,0
2015-16,Florida,295
2015-16,Georgia,151
2015-16,Hawaii,538
2015-16,Idaho,4
2015-16,Illinois,0
2015-16,Indiana,0
2015-16,Iowa,67
2015-16,Kansas,11
2015-16,Kentucky,33
2015-16,Louisiana,0
2015-16,Maine,89
2015-16,Maryland,128
2015-16,Massachusetts,154
2015-16,Michigan,205
2015-16,Minnesota,19
2015-16,Mississippi,0
2015-16,Missouri,0
2015-16,Montana,22
2015-16,Nebraska,144
2015-16,Nevada,0
2015-16,New Hampshire,14
2015-16,New Jersey,173
2015-16,New Mexico,68
2015-16,New York,260
2015-16,North Carolina,0
2015-16,North Dakota,14
2015-16,Ohio,195
2015-16,Oklahoma,48
2015-16,Oregon,222
2015-16,Pennsylvania,0
2015-16,Rhode Island,18
2015-16,South Carolina,0
2015-16,South Dakota,73
2015-16,Tennessee,173
2015-16,Texas,4013
2015-16,Utah,26
2015-16,Vermont,11
2015-16,Virginia,137
2015-16,Washington,1184
2015-16,West Virginia,3
2015-16,Wisconsin,0
2015-16,Wyoming,13
2016-17,Alabama,0
2016-17,Alaska,271
2016-17,Arizona,243
2016-17,Arkansas,54
2016-17,California,4505
2016-17,Colorado,164
2016-17,Connecticut,80
2016-17,Delaware,12
2016-17,District of Columbia,0
2016-17,Florida,358
2016-17,Georgia,173
2016-17,Hawaii,562
2016-17,Idaho,40
2016-17,Illinois,0
2016-17,Indiana,0
2016-17,Iowa,99
2016-17,Kansas,112
2016-17,Kentucky,52
2016-17,Louisiana,20
2016-17,Maine,61
2016-17,Maryland,152
2016-17,Massachusetts,103
2016-17,Michigan,243
2016-17,Minnesota,19
2016-17,Mississippi,0
2016-17,Missouri,0
2016-17,Montana,24
2016-17,Nebraska,131
2016-17,Nevada,0
2016-17,New Hampshire,19
2016-17,New Jersey,116
2016-17,New Mexico,91
2016-17,New York,0
2016-17,North Carolina,0
2016-17,North Dakota,24
2016-17,Ohio,195
2016-17,Oklahoma,72
2016-17,Oregon,348
2016-17,Pennsylvania,0
2016-17,Rhode Island,22
2016-17,South Carolina,0
2016-17,South Dakota,39
2016-17,Tennessee,294
2016-17,Texas,4140
2016-17,Utah,55
2016-17,Vermont,9
2016-17,Virginia,159
2016-17,Washington,1514
2016-17,West Virginia,0
2016-17,Wisconsin,0
2016-17,Wyoming,12
2017-18,Alabama,0
2017-18,Alaska,337
2017-18,Arizona,295
2017-18,Arkansas,51
2017-18,California,5286
2017-18,Colorado,0
2017-18,Connecticut,98
2017-18,Delaware,25
2017-18,District of Columbia,0
2017-18,Florida,0
2017-18,Georgia,239
2017-18,Hawaii,592
2017-18,Idaho,3
2017-18,Illinois,0
2017-18,Indiana,217
2017-18,Iowa,210
2017-18,Kansas,0
2017-18,Kentucky,0
2017-18,Louisiana,16
2017-18,Maine,74
2017-18,Maryland,146
2017-18,Massachusetts,103
2017-18,Michigan,376
2017-18,Minnesota,20
2017-18,Mississippi,0
2017-18,Missouri,0
2017-18,Montana,32
2017-18,Nebraska,1
2017-18,Nevada,0
2017-18,New Hampshire,34
2017-18,New Jersey,129
2017-18,New Mexico,136
2017-18,New York,0
2017-18,North Carolina,0
2017-18,North Dakota,20
2017-18,Ohio,0
2017-18,Oklahoma,92
2017-18,Oregon,498
2017-18,Pennsylvania,0
2017-18,Rhode Island,20
2017-18,South Carolina,0
2017-18,South Dakota,35
2017-18,Tennessee,313
2017-18,Texas,3869
2017-18,Utah,0
2017-18,Vermont,3
2017-18,Virginia,246
2017-18,Washington,1222
2017-18,West Virginia,0
2017-18,Wisconsin,0
2017-18,Wyoming,20
2018-19,Alabama,0
2018-19,Alaska,347
2018-19,Arizona,481
2018-19,Arkansas,54
2018-19,California,6014
2018-19,Colorado,140
2018-19,Connecticut,131
2018-19,Delaware,11
2018-19,Dist. of Columbia,7
2018-19,Florida,475
2018-19,Georgia,427
2018-19,Hawaii,620
2018-19,Idaho,112
2018-19,Illinois,676
2018-19,Indiana,259
2018-19,Iowa,204
2018-19,Kansas,276
2018-19,Kentucky,123
2018-19,Louisiana,16
2018-19,Maine,78
2018-19,Maryland,199
2018-19,Massachusetts,126
2018-19,Michigan,327
2018-19,Minnesota,20
2018-19,Mississippi,0
2018-19,Missouri,956
2018-19,Montana,40
2018-19,Nebraska,168
2018-19,Nevada,124
2018-19,New Hampshire,38
2018-19,New Jersey,477
2018-19,New Mexico,154
2018-19,New York,168
2018-19,North Carolina,0
2018-19,North Dakota,27
2018-19,Ohio,0
2018-19,Oklahoma,98
2018-19,Oregon,597
2018-19,Pennsylvania,0
2018-19,Rhode Island,32
2018-19,South Carolina,0
2018-19,South Dakota,36
2018-19,Tennessee,414
2018-19,Texas,4421
2018-19,Utah,124
2018-19,Vermont,9
2018-19,Virginia,232
2018-19,Washington,1864
2018-19,West Virginia,0
2018-19,Wisconsin,0
2018-19,Wyoming,22
2021-22,Alabama,78
2021-22,Alaska,270
2021-22,Arizona,863
2021-22,Arkansas,299
2021-22,California,5578
2021-22,Colorado,510
2021-22,Connecticut,160
2021-22,Delaware,55
2021-22,Dist. of Columbia,1
2021-22,Florida,1093
2021-22,Georgia,741
2021-22,Hawaii,560
2021-22,Idaho,390
2021-22,Illinois,1134
2021-22,Indiana,594
2021-22,Iowa,868
2021-22,Kansas,1443
2021-22,Kentucky,287
2021-22,Louisiana,3
2021-22,Maine,78
2021-22,Maryland,390
2021-22,Massachusetts,149
2021-22,Michigan,620
2021-22,Minnesota,275
2021-22,Mississippi,0
2021-22,Missouri,1897
2021-22,Montana,303
2021-22,Nebraska,746
2021-22,Nevada,193
2021-22,New Hampshire,45
2021-22,New Jersey,750
2021-22,New Mexico,393
2021-22,New York,107
2021-22,North Carolina,0
2021-22,North Dakota,137
2021-22,Ohio,15
2021-22,Oklahoma,637
2021-22,Oregon,939
2021-22,Pennsylvania,0
2021-22,Rhode Island,82
2021-22,South Carolina,0
2021-22,South Dakota,183
2021-22,Tennessee,679
2021-22,Texas,4836
2021-22,Utah,886
2021-22,Vermont,9
2021-22,Virginia,285
2021-22,Washington,1786
2021-22,West Virginia,0
2021-22,Wisconsin,261
2021-22,Wyoming,46
2022-23,Alabama,411
2022-23,Alaska,200
2022-23,Arizona,1302
2022-23,Arkansas,427
2022-23,California,6398
2022-23,Colorado,1033
2022-23,Connecticut,231
2022-23,Delaware,55
2022-23,Dist. of Columbia,1
2022-23,Florida,1547
2022-23,Georgia,1139
2022-23,Hawaii,547
2022-23,Idaho,499
2022-23,Illinois,2142
2022-23,Indiana,711
2022-23,Iowa,2083
2022-23,Kansas,1929
2022-23,Kentucky,378
2022-23,Louisiana,116
2022-23,Maine,93
2022-23,Maryland,544
2022-23,Massachusetts,260
2022-23,Michigan,874
2022-23,Minnesota,537
2022-23,Mississippi,70
2022-23,Missouri,2342
2022-23,Montana,459
2022-23,Nebraska,1277
2022-23,Nevada,366
2022-23,New Hampshire,82
2022-23,New Jersey,1144
2022-23,New Mexico,574
2022-23,New York,891
2022-23,North Carolina,821
2022-23,North Dakota,252
2022-23,Ohio,4380
2022-23,Oklahoma,913
2022-23,Oregon,889
2022-23,Pennsylvania,1080
2022-23,Rhode Island,80
2022-23,South Carolina,30
2022-23,South Dakota,309
2022-23,Tennessee,796
2022-23,Texas,5351
2022-23,Utah,1189
2022-23,Vermont,8
2022-23,Virginia,468
2022-23,Washington,2416
2022-23,West Virginia,0
2022-23,Wisconsin,98
2022-23,Wyoming,274
2023-24,Alabama,636
2023-24,Alaska,208
2023-24,Arizona,1522
2023-24,Arkansas,583
2023-24,California,7921
2023-24,Colorado,1114
2023-24,Connecticut,231
2023-24,Delaware,55
2023-24,Dist. of Columbia,24
2023-24,Florida,1778
2023-24,Georgia,1560
2023-24,Hawaii,542
2023-24,Idaho,715
2023-24,Illinois,2093
2023-24,Indiana,1207
2023-24,Iowa,2935
2023-24,Kansas,2366
2023-24,Kentucky,992
2023-24,Louisiana,15
2023-24,Maine,131
2023-24,Maryland,769
2023-24,Massachusetts,347
2023-24,Michigan,1216
2023-24,Minnesota,1004
2023-24,Mississippi,80
2023-24,Missouri,2639
2023-24,Montana,581
2023-24,Nebraska,1704
2023-24,Nevada,408
2023-24,New Hampshire,82
2023-24,New Jersey,1669
2023-24,New Mexico,654
2023-24,New York,1259
2023-24,North Carolina,1432
2023-24,North Dakota,373
2023-24,Ohio,4380
2023-24,Oklahoma,1519
2023-24,Oregon,1528
2023-24,Pennsylvania,2140
2023-24,Rhode Island,93
2023-24,South Carolina,30
2023-24,South Dakota,323
2023-24,Tennessee,932
2023-24,Texas,6436
2023-24,Utah,1425
2023-24,Vermont,13
2023-24,Virginia,669
2023-24,Washington,2830
2023-24,West Virginia,0
2023-24,Wisconsin,682
2023-24,Wyoming,412
2024-25,Alabama,916
2024-25,Alaska,621
2024-25,Arizona,1677
2024-25,Arkansas,683
2024-25,California,8831
2024-25,Colorado,1326
2024-25,Connecticut,357
2024-25,Delaware,86
2024-25,Dist. of Columbia,24
2024-25,Florida,2130
2024-25,Georgia,2095
2024-25,Hawaii,616
2024-25,Idaho,848
2024-25,Illinois,2678
2024-25,Indiana,2224
2024-25,Iowa,2990
2024-25,Kansas,2706
2024-25,Kentucky,620
2024-25,Louisiana,15
2024-25,Maine,158
2024-25,Maryland,1076
2024-25,Massachusetts,353
2024-25,Michigan,1505
2024-25,Minnesota,1376
2024-25,Mississippi,61
2024-25,Missouri,2987
2024-25,Montana,670
2024-25,Nebraska,2098
2024-25,Nevada,510
2024-25,New Hampshire,96
2024-25,New Jersey,2229
2024-25,New Mexico,763
2024-25,New York,1442
2024-25,North Carolina,1917
2024-25,North Dakota,506
2024-25,Ohio,2535
2024-25,Oklahoma,1519
2024-25,Oregon,1809
2024-25,Pennsylvania,2510
2024-25,Rhode Island,101
2024-25,South Carolina,344
2024-25,South Dakota,476
2024-25,Tennessee,1061
2024-25,Texas,7147
2024-25,Utah,1558
2024-25,Vermont,13
2024-25,Virginia,913
2024-25,Washington,3457
2024-25,West Virginia,0
2024-25,Wisconsin,916
2024-25,Wyoming,515
